Material,Material_Descr,Average Price,Base UoM,No. Cases/Truck,Plant,Plant Descr.,Material Group,Material Grp. Descr.,Purchasing Group,Purch Grp. Descr.,Product Hierarchy,Product Hier. Descr.,Weight of a Truck,FDC_ID,Team Member,,,,,,,,,,
100002,CHEESE CHED WHT SHRED BAG-6/5 LB, 	2.1037 ,LB,"1,280",1000,DOMESTIC STATISTICAL 1000,401040,"CHEESE, NATURAL AMER",220,AMS-DAIRY,100402002031540,CHEESE/CHEDDAR WHITE/SHREDDED,"38,400.000",2341112,Angela,,,,,,,,,,
100017,CHEESE PROCESS LVS-6/5 LB, 	2.1037 ,LB,"1,320",1000,DOMESTIC STATISTICAL 1000,401030,"CHEESE, PROCESSED",220,AMS-DAIRY,100402007031440,CHEESE/PROCESSED/LOAVES,"39,600.000",N/A,Angela,,,,,,,,,,
100018,CHEESE PROCESS YEL SLC LVS-6/5 LB, 	2.1037 ,LB,"1,320",1000,DOMESTIC STATISTICAL 1000,401030,"CHEESE, PROCESSED",220,AMS-DAIRY,100402007031560,CHEESE/PROCESSED/SLICED,"39,600.000",170899,Angela,,,,,,,,,,
100019,CHEESE PROCESS WHT SLC LVS-6/5 LB, 	2.1037 ,LB,"1,320",1000,DOMESTIC STATISTICAL 1000,401030,"CHEESE, PROCESSED",220,AMS-DAIRY,100402007031560,CHEESE/PROCESSED/SLICED,"39,600.000",N/A,Angela,,,,,,,,,,
100021,CHEESE MOZ LM PART SKM SHRD FRZ BOX-30LB, 	2.0065 ,LB,"1,344",1000,DOMESTIC STATISTICAL 1000,401020,"CHEESE, MOZZARELLA",220,AMS-DAIRY,100402004031540,CHEESE/MOZZARELLA/SHREDDED,"40,320.000",2649616,Angela,,,,,,,,,,
100022,CHEESE MOZ LM PART SKIM FRZ LVS-8/6 LB, 	2.0065 ,LB,840,1000,DOMESTIC STATISTICAL 1000,401020,"CHEESE, MOZZARELLA",220,AMS-DAIRY,100402004031440,CHEESE/MOZZARELLA/LOAVES,"40,320.000",2682989,Angela,,,,,,,,,,
100034,CHEESE MOZ LITE SHRED FRZ BOX-30 LB, 	2.0065 ,LB,"1,344",1000,DOMESTIC STATISTICAL 1000,401020,"CHEESE, MOZZARELLA",220,AMS-DAIRY,100402004031540,CHEESE/MOZZARELLA/SHREDDED,"40,320.000",N/A,Angela,,,,,,,,,,
100036,CHEESE BLEND AMER SKM YEL SLC LVS-6/5 LB, 	2.1037 ,LB,"1,320",1000,DOMESTIC STATISTICAL 1000,401030,"CHEESE, PROCESSED",220,AMS-DAIRY,100402007031560,CHEESE/PROCESSED/SLICED,"39,600.000",N/A,Angela,,,,,,,,,,
100037,CHEESE BLEND AMER SKM WHT SLC LVS-6/5 LB, 	2.1037 ,LB,"1,320",1000,DOMESTIC STATISTICAL 1000,401030,"CHEESE, PROCESSED",220,AMS-DAIRY,100402007031560,CHEESE/PROCESSED/SLICED,"39,600.000",N/A,Angela,,,,,,,,,,
100038,K CHEESE PROCESS WHT SLC LVS-6/5 LB, 	2.1037 ,LB,"1,320",1000,DOMESTIC STATISTICAL 1000,401031,"CHEESE PROC, KOSHER",220,AMS-DAIRY,100402007031560,CHEESE/PROCESSED/SLICED,"39,600.000",N/A,Angela,,,,,,,,,,
100046,EGGS WHOLE FRZ CTN-6/5 LB, 	1.1918 ,LB,"1,334",1000,DOMESTIC STATISTICAL 1000,304010,EGG PRODUCTS,120,AMS-POULTRY,102802002031400,POULTRY/EGGS/EGGS/FROZEN,"40,020.000",323604,Angela,,,,,,,,,,
100047,EGGS WHOLE LIQ BULK -TANK, 	0.7043 ,LB,0,1000,DOMESTIC STATISTICAL 1000,304010,EGG PRODUCTS,120,AMS-POULTRY,102802002031260,POULTRY/EGGS/EGGS/CHILLED,"48,000.000",2342627,Angela,,,,,,,,,,
100101,CHICKEN DICED CTN-40 LB, 	2.5872 ,LB,"1,000",1000,DOMESTIC STATISTICAL 1000,301030,"CHICKEN, COOKED",120,AMS-POULTRY,102802001031400,POULTRY/EGGS/CHICKEN/FROZEN,"40,000.000",N/A,Angela,,,,,,,,,,
100113,CHICKEN LEGS CHILLED -BULK, 	0.5624 ,LB,0,1000,DOMESTIC STATISTICAL 1000,301040,"CHICKEN, BULK",120,AMS-POULTRY,102802001031260,POULTRY/EGGS/CHICKEN/CHILLED,"36,000.000",2341392,Angela,,,,,,,,,,
100117,CHICKEN FAJITA STRIPS CTN-30 LB, 	2.8213 ,LB,"1,300",1000,DOMESTIC STATISTICAL 1000,301030,"CHICKEN, COOKED",120,AMS-POULTRY,102802001031400,POULTRY/EGGS/CHICKEN/FROZEN,"39,000.000",2344088,Angela,,,,,,,,,,
100119,TURKEY TACO FILLING CTN-30 LB, 	2.1904 ,LB,"1,300",1000,DOMESTIC STATISTICAL 1000,302030,"TURKEY, COOKED",120,AMS-POULTRY,102802004031400,POULTRY/EGGS/TURKEY/FROZEN,"39,000.000",N/A,Angela,,,,,,,,,,
100121,TURKEY BREAST DELI FRZ CTN-40 LB, 	3.5860 ,LB,"1,000",1000,DOMESTIC STATISTICAL 1000,302030,"TURKEY, COOKED",120,AMS-POULTRY,102802004031400,POULTRY/EGGS/TURKEY/FROZEN,"40,000.000",2341630,Angela,,,,,,,,,,
100122,TURKEY BREAST SMKD DELI FRZ CTN-40 LB, 	5.3500 ,LB,"1,000",1000,DOMESTIC STATISTICAL 1000,302030,"TURKEY, COOKED",120,AMS-POULTRY,102802004031400,POULTRY/EGGS/TURKEY/FROZEN,"40,000.000",172941,Angela,,,,,,,,,,
100125,TURKEY ROASTS FRZ CTN-32-48 LB, 	3.4099 ,LB,"1,000",1000,DOMESTIC STATISTICAL 1000,302020,"TURKEY, FROZEN",120,AMS-POULTRY,102802004031400,POULTRY/EGGS/TURKEY/FROZEN,"40,000.000",171097,Angela,,,,,,,,,,
100126,TURKEY HAMS SMKD FRZ CTN-40 LB, 	3.3933 ,LB,"1,000",1000,DOMESTIC STATISTICAL 1000,302030,"TURKEY, COOKED",120,AMS-POULTRY,102802004031400,POULTRY/EGGS/TURKEY/FROZEN,"40,000.000",2122879,Angela,,,,,,,,,,
100127,BEEF CAN-24/24 OZ, 	4.3186 ,LB,"1,000",1000,DOMESTIC STATISTICAL 1000,101010,"BEEF, CANNED",130,AMS-LIVESTOCK,101802001031220,MEAT/BEEF/CANNED,"36,000.000",173330,Angela,,,,,,,,,,
100134,BEEF CRUMBLES W/SPP PKG-4/10 LB, 	3.7288 ,LB,"1,000",1000,DOMESTIC STATISTICAL 1000,101040,"BEEF, COOKED",130,AMS-LIVESTOCK,101802001031280,MEAT/BEEF/COOKED,"40,000.000",169473,Angela,,,,,,,,,,
100139,PORK CAN-24/24 OZ, 	2.2143 ,LB,"1,000",1000,DOMESTIC STATISTICAL 1000,102010,"PORK, CANNED",130,AMS-LIVESTOCK,101802006031220,MEAT/PORK/CANNED,"36,000.000",167886,Angela,,,,,,,,,,
100154,BEEF COARSE GROUND FRZ CTN-60 LB, 	3.0920 ,LB,0,1000,DOMESTIC STATISTICAL 1000,101030,"BEEF, GROUND",130,AMS-LIVESTOCK,101802001031400,MEAT/BEEF/FROZEN,"42,000.000",2341259,Angela,,,,,,,,,,
100155,BEEF FRESH BNLS BULK COMBO-20/2000 LB, 	2.9933 ,LB,0,1000,DOMESTIC STATISTICAL 1000,101070,"BEEF, FRESH",130,AMS-LIVESTOCK,101802001031380,MEAT/BEEF/FRESH,"40,000.000",N/A,Angela,,,,,,,,,,
100156,BEEF BNLS SPECIAL TRM FRZ CTN-60 LB, 	5.4333 ,LB,0,1000,DOMESTIC STATISTICAL 1000,101060,"BEEF, SPECIAL TRIM",130,AMS-LIVESTOCK,101802001031400,MEAT/BEEF/FROZEN,"42,000.000",N/A,Angela,,,,,,,,,,
100158,BEEF FINE GROUND FRZ CTN-40 LB, 	3.4608 ,LB,"1,000",1000,DOMESTIC STATISTICAL 1000,101030,"BEEF, GROUND",130,AMS-LIVESTOCK,101802001031400,MEAT/BEEF/FROZEN,"40,000.000",2341259,Angela,,,,,,,,,,
100163,BEEF PATTY LEAN FRZ CTN-40 LB, 	4.2559 ,LB,950,1000,DOMESTIC STATISTICAL 1000,101030,"BEEF, GROUND",130,AMS-LIVESTOCK,101802001031400,MEAT/BEEF/FROZEN,"38,000.000",168651,Angela,,,,,,,,,,
100173,PORK ROAST LEG FRZ CTN-32-40 LB, 	1.9548 ,LB,"1,000",1000,DOMESTIC STATISTICAL 1000,102035,"PORK, FROZEN",130,AMS-LIVESTOCK,101802006031400,MEAT/PORK/FROZEN,"40,000.000",168371,Angela,,,,,,,,,,
100184,PORK HAM WATERAD FRZ PKG 4/10 LB, 	2.4300 ,LB,"1,000",1000,DOMESTIC STATISTICAL 1000,102050,"HAM, FULLY COOKED",130,AMS-LIVESTOCK,101802006031400,MEAT/PORK/FROZEN,"40,000.000",N/A,Angela,,,,,,,,,,
100187,PORK HAM WATERAD SLC FRZ PKG-8/5 LB, 	2.7358 ,LB,"1,000",1000,DOMESTIC STATISTICAL 1000,102050,"HAM, FULLY COOKED",130,AMS-LIVESTOCK,101802006031400,MEAT/PORK/FROZEN,"40,000.000",169177,Angela,,,,,,,,,,
100188,PORK HAM WTRADCBEDFRZ PKG-4/10 OR 8/5 LB, 	2.6154 ,LB,"1,000",1000,DOMESTIC STATISTICAL 1000,102050,"HAM, FULLY COOKED",130,AMS-LIVESTOCK,101802006031400,MEAT/PORK/FROZEN,"40,000.000",N/A,Angela,,,,,,,,,,
100193,PORK PICNIC BNLS FRZ CTN-60 LB, 	1.4044 ,LB,0,1000,DOMESTIC STATISTICAL 1000,102035,"PORK, FROZEN",130,AMS-LIVESTOCK,101802006031400,MEAT/PORK/FROZEN,"40,020.000",172933,Angela,,,,,,,,,,
100195,TUNA CHUNK LIGHT CAN-6/66.5 OZ,TBD,LB,"1,440",1000,DOMESTIC STATISTICAL 1000,205010,"FISH, CANNED",130,AMS-LIVESTOCK,100602003031220,FISH/TUNA/CANNED,"35,910.720",334194,Angela,,,,,,,,,,
100201,CATFISH STRIPS BRD OVN RDY PKG-4/10 LB, 	6.6825 ,LB,"1,000",1000,DOMESTIC STATISTICAL 1000,205030,"FISH, FROZEN",130,AMS-LIVESTOCK,100602001031400,FISH/CATFISH/FROZEN,"40,000.000",475087,Angela,,,,,,,,,,
100206,APPLE SLICES CAN-6/10, 	1.1314 ,LB,912,1000,DOMESTIC STATISTICAL 1000,702010,"FRUIT, CANNED",110,AMS-FRUIT & VEG,101202001031220,FRUIT/APPLES/CANNED,"35,568.000",2627631,Angela,,,,,,,,,,
100212,MIXED FRUIT EX LT CAN-6/10, 	1.0811 ,LB,912,1000,DOMESTIC STATISTICAL 1000,702010,"FRUIT, CANNED",110,AMS-FRUIT & VEG,101202009031220,FRUIT/FRUIT COCKTAIL/CANNED,"36,252.000",2099689,Angela,,,,,,,,,,
100216,APRICOTS DICED PEELED EX LT CAN-6/10, 	1.1914 ,LB,912,1000,DOMESTIC STATISTICAL 1000,702010,"FRUIT, CANNED",110,AMS-FRUIT & VEG,101202002031220,FRUIT/APRICOT/CANNED,"36,936.000",462605,Kevin,,,,,,,,,,
100219,PEACHES CLING SLICES EX LT CAN-6/10, 	1.0731 ,LB,912,1000,DOMESTIC STATISTICAL 1000,702010,"FRUIT, CANNED",110,AMS-FRUIT & VEG,101202013031220,FRUIT/PEACHES/CANNED,"36,252.000",562821,Kevin,,,,,,,,,,
100220,PEACHES CLING DICED EX LT  CAN-6/10, 	1.0706 ,LB,912,1000,DOMESTIC STATISTICAL 1000,702010,"FRUIT, CANNED",110,AMS-FRUIT & VEG,101202013031220,FRUIT/PEACHES/CANNED,"36,252.000",1743245,Kevin,,,,,,,,,,
100224,PEARS SLICES EX LT CAN-6/10, 	1.2394 ,LB,912,1000,DOMESTIC STATISTICAL 1000,702010,"FRUIT, CANNED",110,AMS-FRUIT & VEG,101202014031220,FRUIT/PEAR/CANNED,"36,024.000",381417,Kevin,,,,,,,,,,
100225,PEARS DICED EX LT CAN-6/10, 	1.0993 ,LB,912,1000,DOMESTIC STATISTICAL 1000,702010,"FRUIT, CANNED",110,AMS-FRUIT & VEG,101202014031220,FRUIT/PEAR/CANNED,"36,024.000",534243,Kevin,,,,,,,,,,
100226,PEARS HALVES EX LT CAN-6/10, 	1.3109 ,LB,912,1000,DOMESTIC STATISTICAL 1000,702010,"FRUIT, CANNED",110,AMS-FRUIT & VEG,101202014031220,FRUIT/PEAR/CANNED,"36,024.000",359054,Kevin,,,,,,,,,,
100238,PEACHES FREESTONE SLICES FRZ CTN-12/2 LB, 	1.7447 ,LB,"1,452",1000,DOMESTIC STATISTICAL 1000,702040,"FRUIT, FROZEN",110,AMS-FRUIT & VEG,101202013031400,FRUIT/PEACHES/FROZEN,"34,848.000",2561820,Kevin,,,,,,,,,,
100239,PEACHES FREESTONE SLICES FRZ CTN-20 LB, 	1.5467 ,LB,"1,900",1000,DOMESTIC STATISTICAL 1000,702040,"FRUIT, FROZEN",110,AMS-FRUIT & VEG,101202013031400,FRUIT/PEACHES/FROZEN,"38,000.000",N/A,Kevin,,,,,,,,,,
100241,PEACH FREESTONE DICED FRZ CUP-96/4.4 OZ, 	1.7016 ,LB,"1,400",1000,DOMESTIC STATISTICAL 1000,702040,"FRUIT, FROZEN",110,AMS-FRUIT & VEG,101202013031400,FRUIT/PEACHES/FROZEN,"36,960.000",671632,Kevin,,,,,,,,,,
100242,BLUEBERRY WILD FRZ CTN-8/3 LB, 	1.4417 ,LB,"1,440",1000,DOMESTIC STATISTICAL 1000,702040,"FRUIT, FROZEN",110,AMS-FRUIT & VEG,101202004031400,FRUIT/BLUEBERRY/FROZEN,"34,560.000",173950,Kevin,,,,,,,,,,
100243,BLUEBERRY WILD FRZ CTN-30 LB, 	1.3879 ,LB,"1,320",1000,DOMESTIC STATISTICAL 1000,702040,"FRUIT, FROZEN",110,AMS-FRUIT & VEG,101202004031400,FRUIT/BLUEBERRY/FROZEN,"39,600.000",N/A,Kevin,,,,,,,,,,
100254,STRAWBERRY SLICES FRZ CTN-30 LB, 	1.4695 ,LB,"1,320",1000,DOMESTIC STATISTICAL 1000,702040,"FRUIT, FROZEN",110,AMS-FRUIT & VEG,101202019031400,FRUIT/STRAWBERRY/FROZEN,"39,600.000",401463,Kevin,,,,,,,,,,
100256,STRAWBERRY FRZ CUP-96/4.5 OZ, 	1.9049 ,LB,"1,400",1000,DOMESTIC STATISTICAL 1000,702040,"FRUIT, FROZEN",110,AMS-FRUIT & VEG,101202019031400,FRUIT/STRAWBERRY/FROZEN,"37,800.000",168173,Kevin,,,,,,,,,,
100258,APPLE SLICES FRZ CTN-30 LB, 	1.1350 ,LB,"1,320",1000,DOMESTIC STATISTICAL 1000,702040,"FRUIT, FROZEN",110,AMS-FRUIT & VEG,101202001031400,FRUIT/APPLES/FROZEN,"39,600.000",171688,Kevin,,,,,,,,,,
100261,APRICOT FRZ CUP-96/4.5 OZ, 	1.7363 ,LB,"1,400",1000,DOMESTIC STATISTICAL 1000,702040,"FRUIT, FROZEN",110,AMS-FRUIT & VEG,101202002031400,FRUIT/APRICOT/FROZEN,"36,960.000",171703,Kevin,,,,,,,,,,
100277,ORANGE JUICE SINGLE CTN-70/4 OZ, 	1.2585 ,LB,"1,920",1000,DOMESTIC STATISTICAL 1000,702050,"FRUIT, JUICE",110,AMS-FRUIT & VEG,101202012031420,FRUIT/ORANGE/JUICE,"36,480.000",169098,Kevin,,,,,,,,,,
100283,ORANGES CTN-34-39 LB,TBD,LB,"1,026",1000,DOMESTIC STATISTICAL 1000,702030,"FRUIT, FRESH",110,AMS-FRUIT & VEG,101202012031380,FRUIT/ORANGE/FRESH,"37,449.000",169097,Kevin,,,,,,,,,,
100293,RAISINS BOX-144/1.33 OZ, 	1.8823 ,LB,"2,964",1000,DOMESTIC STATISTICAL 1000,702020,"FRUIT, DRIED",110,AMS-FRUIT & VEG,101202017031340,FRUIT/RAISINS/DRIED,"35,568.000",2557962,Kevin,,,,,,,,,,
100299,CHERRIES DRIED PKG-4/4 LB, 	4.7313 ,LB,"1,848",1000,DOMESTIC STATISTICAL 1000,702020,"FRUIT, DRIED",110,AMS-FRUIT & VEG,101202005031340,FRUIT/CHERRY/DRIED,"29,568.000",171708,Kevin,,,,,,,,,,
100307,BEANS GREEN CAN-6/10, 	0.6804 ,LB,912,1000,DOMESTIC STATISTICAL 1000,703010,"VEGETABLE, CANNED",110,AMS-FRUIT & VEG,103602002531220,VEGETABLES/BEANS GREEN/CANNED,"34,656.000",621650,Kevin,,,,,,,,,,
100309,CARROTS CAN-6/10, 	0.6539 ,LB,912,1000,DOMESTIC STATISTICAL 1000,703010,"VEGETABLE, CANNED",110,AMS-FRUIT & VEG,103602003031220,VEGETABLES/CARROTS/CANNED,"36,024.000",N/A,Kevin,,,,,,,,,,
100313,CORN WHOLE KERNEL(LIQ) CAN-6/10, 	0.8011 ,LB,912,1000,DOMESTIC STATISTICAL 1000,703010,"VEGETABLE, CANNED",110,AMS-FRUIT & VEG,103602004031220,VEGETABLES/CORN/CANNED,"36,252.000",169214,Kevin,,,,,,,,,,
100315,PEAS CAN-6/10, 	0.7164 ,LB,912,1000,DOMESTIC STATISTICAL 1000,703010,"VEGETABLE, CANNED",110,AMS-FRUIT & VEG,103602006031220,VEGETABLES/PEAS/CANNED,"36,024.000",383531,Kevin,,,,,,,,,,
100317,SWEET POTATOES W/ SYRUP CAN-6/10, 	0.7496 ,LB,912,1000,DOMESTIC STATISTICAL 1000,703010,"VEGETABLE, CANNED",110,AMS-FRUIT & VEG,103602010031220,VEGETABLES/SWEET POTATO/CANNED,"36,936.000",170083,Kevin,,,,,,,,,,
100327,TOMATO PASTE CAN-6/10, 	1.1782 ,LB,912,1000,DOMESTIC STATISTICAL 1000,703010,"VEGETABLE, CANNED",110,AMS-FRUIT & VEG,103602011031220,VEGETABLES/TOMATOES/CANNED,"37,957.440",170459,Kevin,,,,,,,,,,
100329,TOMATO DICED CAN-6/10, 	0.6354 ,LB,912,1000,DOMESTIC STATISTICAL 1000,703010,"VEGETABLE, CANNED",110,AMS-FRUIT & VEG,103602011031220,VEGETABLES/TOMATOES/CANNED,"34,884.000",333281,Kevin,,,,,,,,,,
100330,TOMATO SALSA CAN-6/10, 	0.8119 ,LB,912,1000,DOMESTIC STATISTICAL 1000,703010,"VEGETABLE, CANNED",110,AMS-FRUIT & VEG,103602011031220,VEGETABLES/TOMATOES/CANNED,"36,252.000",461278,Kevin,,,,,,,,,,
100332,TOMATO PASTE FOR BULK PROCESSING, 	0.9479 ,LB,0,1000,DOMESTIC STATISTICAL 1000,703010,"VEGETABLE, CANNED",110,AMS-FRUIT & VEG,103602011031220,VEGETABLES/TOMATOES/CANNED,"39,900.000",N/A,Kevin,,,,,,,,,,
100334,TOMATO SAUCE CAN-6/10, 	0.6907 ,LB,912,1000,DOMESTIC STATISTICAL 1000,703010,"VEGETABLE, CANNED",110,AMS-FRUIT & VEG,103602011031220,VEGETABLES/TOMATOES/CANNED,"36,252.000",169074,Kevin,,,,,,,,,,
100336,SPAGHETTI SAUCE MEATLESS CAN-6/10, 	0.6912 ,LB,952,1000,DOMESTIC STATISTICAL 1000,703010,"VEGETABLE, CANNED",110,AMS-FRUIT & VEG,103602011031220,VEGETABLES/TOMATOES/CANNED,"37,842.000",411074,Kevin,,,,,,,,,,
100348,CORN FRZ CTN-30 LB, 	0.7853 ,LB,"1,320",1000,DOMESTIC STATISTICAL 1000,703040,"VEGETABLE, FROZEN",110,AMS-FRUIT & VEG,103602004031400,VEGETABLES/CORN/FROZEN,"39,600.000",169217,Kevin,,,,,,,,,,
100350,PEAS GREEN FRZ CTN-30 LB, 	0.9363 ,LB,"1,320",1000,DOMESTIC STATISTICAL 1000,703040,"VEGETABLE, FROZEN",110,AMS-FRUIT & VEG,103602006031400,VEGETABLES/PEAS/FROZEN,"39,600.000",170016,Kevin,,,,,,,,,,
100351,BEANS GREEN FRZ CTN-30 LB, 	0.8346 ,LB,"1,320",1000,DOMESTIC STATISTICAL 1000,703040,"VEGETABLE, FROZEN",110,AMS-FRUIT & VEG,103602002531400,VEGETABLES/BEANS GREEN/FROZEN,"39,600.000",1103437,Kevin,,,,,,,,,,
100352,CARROTS FRZ CTN-30 LB, 	0.7121 ,LB,"1,320",1000,DOMESTIC STATISTICAL 1000,703040,"VEGETABLE, FROZEN",110,AMS-FRUIT & VEG,103602003031400,VEGETABLES/CARROTS/FROZEN,"39,600.000",746764,Kevin,,,,,,,,,,
100355,POTATOES WEDGE FRZ PKG-6/5 LB, 	1.4279 ,LB,"1,320",1000,DOMESTIC STATISTICAL 1000,703040,"VEGETABLE, FROZEN",110,AMS-FRUIT & VEG,103602007031400,VEGETABLES/POTATO/FROZEN,"39,600.000",168443,Kevin,,,,,,,,,,
100356,POTATOES WEDGE FAT FREE FRZ PKG-6/5 LB, 	1.2089 ,LB,"1,320",1000,DOMESTIC STATISTICAL 1000,703040,"VEGETABLE, FROZEN",110,AMS-FRUIT & VEG,103602007031400,VEGETABLES/POTATO/FROZEN,"39,600.000",N/A,Kevin,,,,,,,,,,
100357,POTATOES OVENS FRY PKG-6/5 LB, 	1.2812 ,LB,"1,320",1000,DOMESTIC STATISTICAL 1000,703040,"VEGETABLE, FROZEN",110,AMS-FRUIT & VEG,103602007031400,VEGETABLES/POTATO/FROZEN,"39,600.000",506167,Kevin,,,,,,,,,,
100359,BEANS BLACK TURTLE CAN-6/10, 	0.5286 ,LB,864,1000,DOMESTIC STATISTICAL 1000,703010,"VEGETABLE, CANNED",110,AMS-FRUIT & VEG,103602002031220,VEGETABLES/BEANS/CANNED,"34,992.000",175188,Kevin,,,,,,,,,,
100360,BEANS GARBANZO CAN-6/10, 	0.5253 ,LB,864,1000,DOMESTIC STATISTICAL 1000,703010,"VEGETABLE, CANNED",110,AMS-FRUIT & VEG,103602002031220,VEGETABLES/BEANS/CANNED,"34,992.000",173757,Kevin,,,,,,,,,,
100362,BEANS REFRIED CAN-6/10, 	0.9592 ,LB,864,1000,DOMESTIC STATISTICAL 1000,703010,"VEGETABLE, CANNED",110,AMS-FRUIT & VEG,103602002031220,VEGETABLES/BEANS/CANNED,"36,288.000",172438,Kevin,,,,,,,,,,
100364,BEANS VEGETARIAN CAN-6/10, 	0.5750 ,LB,864,1000,DOMESTIC STATISTICAL 1000,703010,"VEGETABLE, CANNED",110,AMS-FRUIT & VEG,103602002031220,VEGETABLES/BEANS/CANNED,"34,992.000",384634,Kevin,,,,,,,,,,
100365,BEANS PINTO CAN-6/10, 	0.5333 ,LB,864,1000,DOMESTIC STATISTICAL 1000,703010,"VEGETABLE, CANNED",110,AMS-FRUIT & VEG,103602002031220,VEGETABLES/BEANS/CANNED,"34,992.000",174286,Dojun,,,,,,,,,,
100366,BEANS SMALL RED CAN-6/10, 	0.5398 ,LB,864,1000,DOMESTIC STATISTICAL 1000,703010,"VEGETABLE, CANNED",110,AMS-FRUIT & VEG,103602002031220,VEGETABLES/BEANS/CANNED,"34,992.000",747443,Dojun,,,,,,,,,,
100368,BEANS BLACKEYE CAN-6/10, 	0.7261 ,LB,864,1000,DOMESTIC STATISTICAL 1000,703010,"VEGETABLE, CANNED",110,AMS-FRUIT & VEG,103602002031220,VEGETABLES/BEANS/CANNED,"34,992.000",2644293,Dojun,,,,,,,,,,
100369,BEANS PINK CAN-6/10, 	0.6621 ,LB,864,1000,DOMESTIC STATISTICAL 1000,703010,"VEGETABLE, CANNED",110,AMS-FRUIT & VEG,103602002031220,VEGETABLES/BEANS/CANNED,"34,992.000",2342845,Dojun,,,,,,,,,,
100370,BEANS RED KIDNEY CAN-6/10, 	0.5508 ,LB,864,1000,DOMESTIC STATISTICAL 1000,703010,"VEGETABLE, CANNED",110,AMS-FRUIT & VEG,103602002031220,VEGETABLES/BEANS/CANNED,"34,992.000",174285,Dojun,,,,,,,,,,
100371,BEANS BABY LIMA CAN-6/10, 	0.5452 ,LB,864,1000,DOMESTIC STATISTICAL 1000,703010,"VEGETABLE, CANNED",110,AMS-FRUIT & VEG,103602002031220,VEGETABLES/BEANS/CANNED,"34,992.000",2345373,Dojun,,,,,,,,,,
100373,BEANS GREAT NORTHERN CAN-6/10, 	0.5472 ,LB,864,1000,DOMESTIC STATISTICAL 1000,703010,"VEGETABLE, CANNED",110,AMS-FRUIT & VEG,103602002031220,VEGETABLES/BEANS/CANNED,"34,992.000",175192,Dojun,,,,,,,,,,
100382,BEANS PINTO DRY PKG-12/2 LB, 	0.5425 ,LB,"1,680",1000,DOMESTIC STATISTICAL 1000,704010,"BEANS, DRY",110,AMS-FRUIT & VEG,103602002031340,VEGETABLES/BEANS/DRY,"40,320.000",747445,Dojun,,,,,,,,,,
100396,PEANUT BUTTER SMOOTH JAR-6/5 LB, 	1.2686 ,LB,"1,232",1000,DOMESTIC STATISTICAL 1000,701010,PEANUT PRODUCTS,210,AMS-DOMESTIC,102202002031200,NUTS/PEANUT BUTTER/CANNED,"36,960.000",172458,Dojun,,,,,,,,,,
100400,FLOUR ALL PURP ENRCH BLCH BAG-8/5 LB, 	0.3847 ,LB,"1,071",1000,DOMESTIC STATISTICAL 1000,506020,"FLOUR, WHEAT",210,AMS-DOMESTIC,100802001031100,FLOUR/ALL PURPOSE/BAG,"42,840.000",789890,Dojun,,,,,,,,,,
100409,FLOUR WHOLE WHEAT BAG-50 LB, 	0.3110 ,LB,864,1000,DOMESTIC STATISTICAL 1000,506020,"FLOUR, WHEAT",210,AMS-DOMESTIC,100802007031100,FLOUR/WHOLE WHEAT/BAG,"43,200.000",790085,Dojun,,,,,,,,,,
100417,FLOUR BAKER HARD WHT BLCH-BULK, 	0.3476 ,LB,0,1000,DOMESTIC STATISTICAL 1000,506015,"FLOUR, BAKERY",210,AMS-DOMESTIC,100802002031180,FLOUR/BAKER/BULK,"45,000.000",170249,Dojun,,,,,,,,,,
100418,FLOUR BAKER HARD WHT UNBLCH-BULK, 	0.3350 ,LB,0,1000,DOMESTIC STATISTICAL 1000,506015,"FLOUR, BAKERY",210,AMS-DOMESTIC,100802002031180,FLOUR/BAKER/BULK,"45,000.000",170650,Dojun,,,,,,,,,,
100420,FLOUR BAKER HEARTH UNBLCH-BULK, 	0.3552 ,LB,0,1000,DOMESTIC STATISTICAL 1000,506015,"FLOUR, BAKERY",210,AMS-DOMESTIC,100802002031180,FLOUR/BAKER/BULK,"45,000.000",n/a,Dojun,,,,,,,,,,
100425,PASTA SPAGHETTI CTN-20 LB, 	2.7573 ,LB,"2,000",1000,DOMESTIC STATISTICAL 1000,504020,"PASTA, OTHER",210,AMS-DOMESTIC,102602004031240,PASTA/SPAGHETTI/CARTON,"40,000.000",332282,Dojun,,,,,,,,,,
100439,OIL VEGETABLE BTL-6/1 GAL, 	0.9845 ,LB,800,1000,DOMESTIC STATISTICAL 1000,601010,VEG OIL PROD DOM,210,AMS-DOMESTIC,102402005031140,OIL/VEGETABLE/BOTTLE,"36,960.000",2345737,Dojun,,,,,,,,,,
100443,OIL VEGETABLE-BULK,TBD,LB,0,1000,DOMESTIC STATISTICAL 1000,601010,VEG OIL PROD DOM,210,AMS-DOMESTIC,102402005031180,OIL/VEGETABLE/BULK,"48,000.000",n/a,Dojun,,,,,,,,,,
100465,OATS ROLLED TUBE-12/42 OZ, 	0.7013 ,LB,"1,040",1000,DOMESTIC STATISTICAL 1000,503030,"CEREAL, PROCESSED",210,AMS-DOMESTIC,101402004031580,GRAIN-PROCESSED/OATS/TUBE,"32,760.000",2346396,Dojun,,,,,,,,,,
100494,RICE US#1 LONG GRAIN PARBOILED BAG-25 LB, 	0.8056 ,LB,"1,680",1000,DOMESTIC STATISTICAL 1000,507010,"RICE, GRAIN",210,AMS-DOMESTIC,103202006031100,RICE/PARBOIL/BAG,"42,000.000",2403163,Dojun,,,,,,,,,,
100500,RICE BRN US#1 LONG PARBOILED PKG-24/2 LB, 	0.9604 ,LB,875,1000,DOMESTIC STATISTICAL 1000,507010,"RICE, GRAIN",210,AMS-DOMESTIC,103202006031460,RICE/PARBOIL/PACKAGE,"42,000.000",169708,Dojun,,,,,,,,,,
100506,POTATO BULK FOR PROCESS FRZ, 	0.1569 ,LB,0,1000,DOMESTIC STATISTICAL 1000,703030,"VEGETABLE, FRESH",110,AMS-FRUIT & VEG,103602007031380,VEGETABLES/POTATO/FRESH,"40,000.000",n/a,Dojun,,,,,,,,,,
100514,APPLES RED DELICIOUS FRESH CTN-40 LB, 	0.5415 ,LB,924,1000,DOMESTIC STATISTICAL 1000,702030,"FRUIT, FRESH",110,AMS-FRUIT & VEG,101202001031380,FRUIT/APPLES/FRESH,"35,574.000",454004,Dojun,,,,,,,,,,
100517,APPLES EMPIRE FRESH CTN-40 LB, 	0.5234 ,LB,924,1000,DOMESTIC STATISTICAL 1000,702030,"FRUIT, FRESH",110,AMS-FRUIT & VEG,101202001031380,FRUIT/APPLES/FRESH,"35,574.000",n/a,Dojun,,,,,,,,,,
100521,APPLES GALA FRESH G CARTON-40 LB, 	0.5555 ,LB,924,1000,DOMESTIC STATISTICAL 1000,702030,"FRUIT, FRESH",110,AMS-FRUIT & VEG,101202001031380,FRUIT/APPLES/FRESH,"35,574.000",n/a,Dojun,,,,,,,,,,
100522,APPLES FUJI FRESH F CARTON-40 LB, 	0.5438 ,LB,924,1000,DOMESTIC STATISTICAL 1000,702030,"FRUIT, FRESH",110,AMS-FRUIT & VEG,101202001031380,FRUIT/APPLES/FRESH,"35,574.000",n/a,Dojun,,,,,,,,,,
100875,MILK 1% MILKFAT UHT 2640 BOX-27/8 FL OZ, 	0.7696 ,LB,"2,640",1000,DOMESTIC STATISTICAL 1000,402010,"MILK, UHT",220,AMS-DAIRY,102002004031160,MILK/UHT/BOX,"38,142.720",2340764,Dojun,,,,,,,,,,
100877,CHICKEN BONED CAN-12/50 OZ, 	2.3600 ,LB,"1,000",1000,DOMESTIC STATISTICAL 1000,301010,"CHICKEN, CANNED",120,AMS-POULTRY,102802001031220,POULTRY/EGGS/CHICKEN/CANNED,"37,500.000",171110,Dojun,,,,,,,,,,
100883,TURKEY THIGHS BNLS SKNLS CHILLED-BULK, 	2.0903 ,LB,0,1000,DOMESTIC STATISTICAL 1000,302040,"TURKEY, BULK",120,AMS-POULTRY,102802004031260,POULTRY/EGGS/TURKEY/CHILLED,"36,000.000",n/a,Dojun,,,,,,,,,,
100912,FLOUR BREAD-BULK, 	0.3573 ,LB,0,1000,DOMESTIC STATISTICAL 1000,506015,"FLOUR, BAKERY",210,AMS-DOMESTIC,10080,FLOUR,"45,000.000",2343066,Dojun,,,,,,,,,,
100935,SUNFLOWER SEED BUTTER 6-5#'S, 	1.9337 ,LB,"1,232",1000,DOMESTIC STATISTICAL 1000,601050,SEED BUTTER,210,AMS-DOMESTIC,102402000531175,OIL/BUTTERY SPREAD/TUB,"36,960.000",2024383,Dojun,,,,,,,,,,
100980,SWEET POTATO BULK FRESH PROC, 	0.1971 ,LB,0,1000,DOMESTIC STATISTICAL 1000,703030,"VEGETABLE, FRESH",110,AMS-FRUIT & VEG,103602010031380,VEGETABLES/SWEET POTATO/FRESH,"40,000.000",n/a,Dojun,,,,,,,,,,
101031,RICE BRN US#1 LONG PARBOILED BAG-25 LB, 	0.8073 ,LB,"1,680",1000,DOMESTIC STATISTICAL 1000,507010,"RICE, GRAIN",210,AMS-DOMESTIC,103202006031460,RICE/PARBOIL/PACKAGE,"42,000.000",505069,Dojun,,,,,,,,,,
110053,K APPLESAUCE CAN-6/10, 	0.6921 ,LB,912,1000,DOMESTIC STATISTICAL 1000,702010,"FRUIT, CANNED",110,AMS-FRUIT & VEG,101202001031220,FRUIT/APPLES/CANNED,"36,936.000",171695,Dojun,,,,,,,,,,
110054,K PEACHES CLING CAN-6/10, 	1.2153 ,LB,912,1000,DOMESTIC STATISTICAL 1000,702010,"FRUIT, CANNED",110,AMS-FRUIT & VEG,101202013031220,FRUIT/PEACHES/CANNED,"36,252.000",794295,Dojun,,,,,,,,,,
110055,K PEARS SLICES CAN-6/10, 	1.1821 ,LB,912,1000,DOMESTIC STATISTICAL 1000,702010,"FRUIT, CANNED",110,AMS-FRUIT & VEG,101202014031220,FRUIT/PEAR/CANNED,"36,024.000",n/a,Dojun,,,,,,,,,,
110056,K PEACH FREESTONEDICED FRZ CUP-96/4.4 OZ, 	1.6799 ,LB,"1,400",1000,DOMESTIC STATISTICAL 1000,702040,"FRUIT, FROZEN",110,AMS-FRUIT & VEG,101202013031400,FRUIT/PEACHES/FROZEN,"36,960.000",n/a,Dojun,,,,,,,,,,
110059,K CORN WHOLE KERNEL(LIQ) CAN-6/10, 	0.6498 ,LB,912,1000,DOMESTIC STATISTICAL 1000,703010,"VEGETABLE, CANNED",110,AMS-FRUIT & VEG,103602004031220,VEGETABLES/CORN/CANNED,"36,252.000",169217,Dojun,,,,,,,,,,
110066,K BEANS GREAT NORTHERN DRY BAG-25 LB, 	0.7300 ,LB,"1,600",1000,DOMESTIC STATISTICAL 1000,704010,"BEANS, DRY",110,AMS-FRUIT & VEG,103602002031340,VEGETABLES/BEANS/DRY,"40,000.000",747446,Dojun,,,,,,,,,,
110073,K SUNFLOWER SEED BUTTER 6-5#'S, 	1.8500 ,LB,"1,232",1000,DOMESTIC STATISTICAL 1000,601051,"SEED BUTTER, KOSHER",210,AMS-DOMESTIC,102402000531175,OIL/BUTTERY SPREAD/TUB,"36,960.000",170155,Dojun,,,,,,,,,,
110080,CHICKEN OVEN ROASTED FRZ 8 PC CTN-30 LB, 	4.7234 ,LB,"1,200",1000,DOMESTIC STATISTICAL 1000,301030,"CHICKEN, COOKED",120,AMS-POULTRY,102802001031400,POULTRY/EGGS/CHICKEN/FROZEN,"36,000.000",174608,Dojun,,,,,,,,,,
110101,K TOMATO SAUCE CAN-6/10, 	0.7345 ,LB,912,1000,DOMESTIC STATISTICAL 1000,703010,"VEGETABLE, CANNED",110,AMS-FRUIT & VEG,103602011031220,VEGETABLES/TOMATOES/CANNED,"36,252.000",170054,Dojun,,,,,,,,,,
110102,K TOMATO PASTE CAN-6/10, 	1.0240 ,LB,912,1000,DOMESTIC STATISTICAL 1000,703010,"VEGETABLE, CANNED",110,AMS-FRUIT & VEG,103602011031220,VEGETABLES/TOMATOES/CANNED,"37,957.440",n/a,Dojun,,,,,,,,,,
110149,APPLES FOR FURTHER PROCESSING â€“ BULK, 	0.3320 ,LB,0,1000,DOMESTIC STATISTICAL 1000,702030,"FRUIT, FRESH",110,AMS-FRUIT & VEG,101202001031380,FRUIT/APPLES/FRESH,"39,600.000",n/a,Yazda,,,,,,,,,,
110161,FRUIT MIX DRIED PKG-5/5 LB, 	3.3016 ,LB,"1,456",1000,DOMESTIC STATISTICAL 1000,702020,"FRUIT, DRIED",110,AMS-FRUIT & VEG,101202010031340,FRUIT/FRUIT NUT MIX/DRIED,"36,400.000",2344690,Yazda,,,,,,,,,,
110177,SPAGHETTI SAUCE MEATLESS POUCH-6/106 OZ, 	0.9447 ,LB,960,1000,DOMESTIC STATISTICAL 1000,703010,"VEGETABLE, CANNED",110,AMS-FRUIT & VEG,103602011031220,VEGETABLES/TOMATOES/CANNED,"38,160.000",,Yazda,,,,,,,,,,
110186,TOMATO SALSA POUCH-6/106 OZ, 	0.9388 ,LB,960,1000,DOMESTIC STATISTICAL 1000,703010,"VEGETABLE, CANNED",110,AMS-FRUIT & VEG,103602011031220,VEGETABLES/TOMATOES/CANNED,"38,160.000",2345251,Yazda,,,,,,,,,,
110187,TOMATO SAUCE POUCH-6/106 OZ, 	0.9665 ,LB,960,1000,DOMESTIC STATISTICAL 1000,703010,"VEGETABLE, CANNED",110,AMS-FRUIT & VEG,103602011031220,VEGETABLES/TOMATOES/CANNED,"38,160.000",170463,Yazda,,,,,,,,,,
110208,FLOUR WHITE WHOLE WHEAT BLEND BAG-25 LB, 	0.3961 ,LB,"1,728",1000,DOMESTIC STATISTICAL 1000,506020,"FLOUR, WHEAT",210,AMS-DOMESTIC,100802007031100,FLOUR/WHOLE WHEAT/BAG,"43,200.000",,Yazda,,,,,,,,,,
110211,FLOUR WHITE WHOLE WHEAT BLEND BAG-8/5 LB, 	0.3758 ,LB,"1,071",1000,DOMESTIC STATISTICAL 1000,506020,"FLOUR, WHEAT",210,AMS-DOMESTIC,100802007031100,FLOUR/WHOLE WHEAT/BAG,"42,840.000",,Yazda,,,,,,,,,,
110227,POTATO FOR PROCESS INTO DEHY PRD-BULK, 	0.1537 ,LB,0,1000,DOMESTIC STATISTICAL 1000,703030,"VEGETABLE, FRESH",110,AMS-FRUIT & VEG,103602007031380,VEGETABLES/POTATO/FRESH,"40,000.000",,Yazda,,,,,,,,,,
110242,CHEESE NAT AMER FBD BARREL-500 LB(40800), 	2.1037 ,LB,0,1000,DOMESTIC STATISTICAL 1000,401040,"CHEESE, NATURAL AMER",220,AMS-DAIRY,100402001031180,CHEESE/AMERICAN/BULK,"40,800.000",2341167,Yazda,,,,,,,,,,
110244,CHEESE MOZ LM PT SKM UNFZ PROC PK(41125), 	2.0065 ,LB,0,1000,DOMESTIC STATISTICAL 1000,401020,"CHEESE, MOZZARELLA",220,AMS-DAIRY,100402004031180,CHEESE/MOZZARELLA/BULK,"41,125.000",,Yazda,,,,,,,,,,
110253,CHEESE CHED WHT BLOCK-40 LB (40800), 	2.1037 ,LB,0,1000,DOMESTIC STATISTICAL 1000,401040,"CHEESE, NATURAL AMER",220,AMS-DAIRY,100402002031120,CHEESE/CHEDDAR WHITE/BLOCK,"40,800.000",,Yazda,,,,,,,,,,
110254,CHEESE CHED YEL BLOCK-40 LB (40800), 	2.1037 ,LB,0,1000,DOMESTIC STATISTICAL 1000,401040,"CHEESE, NATURAL AMER",220,AMS-DAIRY,100402003031120,CHEESE/CHEDDAR YELLOW/BLOCK,"40,800.000",,Yazda,,,,,,,,,,
110261,BEEF FINE GROUND LFT OPT FRZ CTN-40 LB, 	3.6528 ,LB,"1,000",1000,DOMESTIC STATISTICAL 1000,101030,"BEEF, GROUND",130,AMS-LIVESTOCK,101802001031400,MEAT/BEEF/FROZEN,"40,000.000",,Yazda,,,,,,,,,,
110322,BEEF SPP PTY HSTYLE CKD 2.0MMA CTN-40 LB, 	4.6946 ,LB,950,1000,DOMESTIC STATISTICAL 1000,101040,"BEEF, COOKED",130,AMS-LIVESTOCK,101802001031280,MEAT/BEEF/COOKED,"38,000.000",,Yazda,,,,,,,,,,
110346,BEEF 100% PTY 90/10 FRZ 2.0MMA CTN-40 LB, 	3.9793 ,LB,950,1000,DOMESTIC STATISTICAL 1000,101030,"BEEF, GROUND",130,AMS-LIVESTOCK,101802001031400,MEAT/BEEF/FROZEN,"38,000.000",,Yazda,,,,,,,,,,
110348,BEEF SPP PTY 85/15 FRZ 2.0 MMA CTN-40 LB, 	3.3317 ,LB,950,1000,DOMESTIC STATISTICAL 1000,101030,"BEEF, GROUND",130,AMS-LIVESTOCK,101802001031400,MEAT/BEEF/FROZEN,"38,000.000",,Yazda,,,,,,,,,,
110349,BEEF 100% PTY 85/15 FRZ 2.0MMA CTN-40 LB, 	3.6682 ,LB,950,1000,DOMESTIC STATISTICAL 1000,101030,"BEEF, GROUND",130,AMS-LIVESTOCK,101802001031400,MEAT/BEEF/FROZEN,"38,000.000",,Yazda,,,,,,,,,,
110361,APPLESAUCE CUP-96/4.5, 	0.8440 ,LB,"1,400",1000,DOMESTIC STATISTICAL 1000,702010,"FRUIT, CANNED",110,AMS-FRUIT & VEG,101202001031220,FRUIT/APPLES/CANNED,"37,800.000",,Yazda,,,,,,,,,,
110381,BEANS PINTO DRY TOTE-2000 LB, 	0.5168 ,LB,0,1000,DOMESTIC STATISTICAL 1000,704010,"BEANS, DRY",110,AMS-FRUIT & VEG,103602002031340,VEGETABLES/BEANS/DRY,"44,000.000",2342853,Yazda,,,,,,,,,,
110393,PANCAKES WHOLE WHEAT FZN-144 COUNT, 	1.2171 ,LB,"2,100",1000,DOMESTIC STATISTICAL 1000,503040,PANCAKES,210,AMS-DOMESTIC,101402006031460,GRAIN-PROCESSED/WHOLE WHEAT PANCAKES/PAC,"22,680.000",,Yazda,,,,,,,,,,
110394,"TORTILLA WHOLE WHEAT FZN 8"" CTN-12/24", 	1.0282 ,LB,"1,500",1000,DOMESTIC STATISTICAL 1000,502030,TORTILLAS,210,AMS-DOMESTIC,101402007031460,GRAIN-PROCESSED/WHOLE WHEAT TORTILLA/PAC,"40,500.000",,Yazda,,,,,,,,,,
110396,CHEESE MOZ LM PT SKM STRING BOX-360/1 OZ, 	3.7032 ,LB,"1,680",1000,DOMESTIC STATISTICAL 1000,401020,"CHEESE, MOZZARELLA",220,AMS-DAIRY,100402004031580,CHEESE/MOZZARELLA/STRING,"37,800.000",,Yazda,,,,,,,,,,
110398,YOGURT HI PROTEIN VANILLA TUB-6/32 OZ, 	1.7093 ,LB,"2,860",1000,DOMESTIC STATISTICAL 1000,411010,YOGURT,220,AMS-DAIRY,104002002031175,YOGURT/HIGH PROTEIN/TUB,"34,320.000",2340832,Yazda,,,,,,,,,,
110400,YOGURT HI PROTEIN BLUEBERRY CUP-24/4 OZ, 	1.6973 ,LB,"4,900",1000,DOMESTIC STATISTICAL 1000,411010,YOGURT,220,AMS-DAIRY,104002002031300,YOGURT/HIGH PROTEIN/CUP,"29,400.000",,Yazda,,,,,,,,,,
110401,YOGURT HI PROTEIN STRAWBERRY CUP-24/4 OZ, 	1.6994 ,LB,"4,900",1000,DOMESTIC STATISTICAL 1000,411010,YOGURT,220,AMS-DAIRY,104002002031300,YOGURT/HIGH PROTEIN/CUP,"29,400.000",330415,Yazda,,,,,,,,,,
110402,YOGURT HI PROTEIN VANILLA CUP-24/4 OZ, 	1.6868 ,LB,"4,900",1000,DOMESTIC STATISTICAL 1000,411010,YOGURT,220,AMS-DAIRY,104002002031300,YOGURT/HIGH PROTEIN/CUP,"29,400.000",,Yazda,,,,,,,,,,
110425,SPINACH CHOPPED FRZ IQF CTN-20 LB (1902), 	0.9111 ,LB,"1,902",1000,DOMESTIC STATISTICAL 1000,703040,"VEGETABLE, FROZEN",110,AMS-FRUIT & VEG,103602009031400,VEGETABLES/SPINACH/FROZEN,"38,040.000",2345120,Yazda,,,,,,,,,,
110462,CHICKEN STRIPS FRZ CTN-30 LB, 	2.5656 ,LB,"1,300",1000,DOMESTIC STATISTICAL 1000,301030,"CHICKEN, COOKED",120,AMS-POULTRY,102802001031400,POULTRY/EGGS/CHICKEN/FROZEN,"39,000.000",,Yazda,,,,,,,,,,
110473,BROCCOLI FRZ CTN-30 LB, 	1.8002 ,LB,"1,134",1000,DOMESTIC STATISTICAL 1000,703040,"VEGETABLE, FROZEN",110,AMS-FRUIT & VEG,103602010531400,VEGETABLES/BROCCOLI/FROZEN,"34,020.000",168511,Yazda,,,,,,,,,,
110480,CARROTS DICED FRZ CTN-30 LB, 	0.6559 ,LB,"1,320",1000,DOMESTIC STATISTICAL 1000,703040,"VEGETABLE, FROZEN",110,AMS-FRUIT & VEG,103602003031400,VEGETABLES/CARROTS/FROZEN,"39,600.000",746764,Yazda,,,,,,,,,,
110482,FLOUR HIGH GLUTEN BAG-50 LB, 	0.3972 ,LB,864,1000,DOMESTIC STATISTICAL 1000,506015,"FLOUR, BAKERY",210,AMS-DOMESTIC,100802002031100,FLOUR/BAKER/BAG,"43,200.000",,Yazda,,,,,,,,,,
110483,K BEANS GARBANZO CAN-6/10, 	0.7346 ,LB,864,1000,DOMESTIC STATISTICAL 1000,703010,"VEGETABLE, CANNED",110,AMS-FRUIT & VEG,103602002031220,VEGETABLES/BEANS/CANNED,"34,992.000",2644282,Yazda,,,,,,,,,,
110501,WHOLE GRAIN BLEND MACARONI CTN-20 LB, 	2.7004 ,LB,"2,000",1000,DOMESTIC STATISTICAL 1000,504010,"PASTA, MACARONI",210,AMS-DOMESTIC,102602005031240,PASTA/WHOLE GRAIN MACARONI/CARTON,"40,000.000",,Yazda,,,,,,,,,,
110504,WHOLE GRAIN BLEND ROTINI MAC CTN-20 LB, 	2.9035 ,LB,"1,400",1000,DOMESTIC STATISTICAL 1000,504010,"PASTA, MACARONI",210,AMS-DOMESTIC,102602005031240,PASTA/WHOLE GRAIN MACARONI/CARTON,"28,000.000",,Yazda,,,,,,,,,,
110506,WHOLE GRAIN BLEND SPAGHETTI CTN-20 LB, 	2.7100 ,LB,"2,000",1000,DOMESTIC STATISTICAL 1000,504020,"PASTA, OTHER",210,AMS-DOMESTIC,102602006031240,PASTA/WHOLE GRAIN SPAGHETTI/CARTON,"40,000.000",,Yazda,,,,,,,,,,
110520,WHOLE GRAIN BLEND PENNE CTN-2/10 LB, 	2.7398 ,LB,"1,890",1000,DOMESTIC STATISTICAL 1000,504010,"PASTA, MACARONI",210,AMS-DOMESTIC,102602007031240,PASTA/WHOLE GRAIN PENNE/CARTON,"37,800.000",,Yazda,,,,,,,,,,
110541,APPLESAUCE UNSWEETENED CAN-6/10, 	0.7410 ,LB,912,1000,DOMESTIC STATISTICAL 1000,702010,"FRUIT, CANNED",110,AMS-FRUIT & VEG,101202001031220,FRUIT/APPLES/CANNED,"36,252.000",,Yazda,,,,,,,,,,
110543,APPLES GRANNY SMITH FRESH CTN-40 LB, 	0.7104 ,LB,924,1000,DOMESTIC STATISTICAL 1000,702030,"FRUIT, FRESH",110,AMS-FRUIT & VEG,101202001031380,FRUIT/APPLES/FRESH,"35,574.000",,Yazda,,,,,,,,,,
110554,TURKEY BREAST DELI SLICED FRZ PKG-8/5 LB, 	4.1514 ,LB,"1,000",1000,DOMESTIC STATISTICAL 1000,302030,"TURKEY, COOKED",120,AMS-POULTRY,102802004031400,POULTRY/EGGS/TURKEY/FROZEN,"40,000.000",,Yazda,,,,,,,,,,
110562,SWEET POTATOES CHUNK FRZ PKG-6/5 LB, 	0.7215 ,LB,"1,320",1000,DOMESTIC STATISTICAL 1000,703040,"VEGETABLE, FROZEN",110,AMS-FRUIT & VEG,103602010031400,VEGETABLES/SWEET POTATO/FROZEN,"39,600.000",,Yazda,,,,,,,,,,
110601,FISH AK PLCK FRZ BULK CTN-49.5 LB, 	2.0908 ,LB,0,1000,DOMESTIC STATISTICAL 1000,205030,"FISH, FROZEN",130,AMS-LIVESTOCK,100602001531400,FISH/POLLOCK/FROZEN,"39,600.000",,Yazda,,,,,,,,,,
110623,BLUEBERRY HIGHBUSH FRZ CTN-12/2.5 LB, 	1.3476 ,LB,"1,320",1000,DOMESTIC STATISTICAL 1000,702040,"FRUIT, FROZEN",110,AMS-FRUIT & VEG,101202004031400,FRUIT/BLUEBERRY/FROZEN,"39,600.000",2344771,Malena,,,,,,,,,,
110624,BLUEBERRY HIGHBUSH FRZ CTN-30 LB, 	0.9195 ,LB,"1,320",1000,DOMESTIC STATISTICAL 1000,702040,"FRUIT, FROZEN",110,AMS-FRUIT & VEG,101202004031400,FRUIT/BLUEBERRY/FROZEN,"39,600.000",2344771,Malena,,,,,,,,,,
110630,K OIL VEGETABLE BTL-6/1 GAL, 	0.9748 ,LB,800,1000,DOMESTIC STATISTICAL 1000,601011,"VEG OIL PROD, KOSHER",210,AMS-DOMESTIC,102402005031140,OIL/VEGETABLE/BOTTLE,"36,960.000",171422,Malena,,,,,,,,,,
110651,ORANGE JUICE SINGLE FRZ CUP-96/4 OZ, 	1.1537 ,LB,"1,408",1000,DOMESTIC STATISTICAL 1000,702050,"FRUIT, JUICE",110,AMS-FRUIT & VEG,101202012031420,FRUIT/ORANGE/JUICE,"38,016.000",2487997,Malena,,,,,,,,,,
110700,PEANUTS RAW SHELLED-BULK 44000 LB, 	0.5907 ,LB,0,1000,DOMESTIC STATISTICAL 1000,701014,PEANUTS RAW SHELLED,210,AMS-DOMESTIC,102202003031180,NUTS/PEANUTS/BULK,"44,000.000",2515376,Malena,,,,,,,,,,
110711,BEEF PATTY CKD FRZ 2.0 MMA CTN-40 LB, 	5.4627 ,LB,950,1000,DOMESTIC STATISTICAL 1000,101040,"BEEF, COOKED",130,AMS-LIVESTOCK,101802001031280,MEAT/BEEF/COOKED,"38,000.000",2341259,Malena,,,,,,,,,,
110721,SWEET POTATOES CRINKLE FRZ PKG-6/5 LB, 	1.5115 ,LB,"1,320",1000,DOMESTIC STATISTICAL 1000,703040,"VEGETABLE, FROZEN",110,AMS-FRUIT & VEG,103602010031400,VEGETABLES/SWEET POTATO/FROZEN,"39,600.000",2345210,Malena,,,,,,,,,,
110723,CRANBERRIES DRIED PKG-300/1.16 OZ, 	2.6393 ,LB,"1,500",1000,DOMESTIC STATISTICAL 1000,702020,"FRUIT, DRIED",110,AMS-FRUIT & VEG,101202006031340,FRUIT/CRANBERRY/DRIED,"32,625.000",2345210,Malena,,,,,,,,,,
110724,PEPPERS/ONION BLEND FRZ CTN-30 LB, 	1.6238 ,LB,"1,320",1000,DOMESTIC STATISTICAL 1000,703040,"VEGETABLE, FROZEN",110,AMS-FRUIT & VEG,103602005031400,VEGETABLES/MIXED VEGETABLES/FROZEN,"39,600.000",170471,Malena,,,,,,,,,,
110730,PORK PULLED CKD PKG-8/5 LB, 	2.5782 ,LB,"1,000",1000,DOMESTIC STATISTICAL 1000,102030,"PORK, COOKED",130,AMS-LIVESTOCK,101802006031280,MEAT/PORK/COOKED,"40,000.000",167903,Malena,,,,,,,,,,
110763,PEAS GREEN FRZ CTN-12/2.5 LB, 	1.0060 ,LB,"1,320",1000,DOMESTIC STATISTICAL 1000,703040,"VEGETABLE, FROZEN",110,AMS-FRUIT & VEG,103602006031400,VEGETABLES/PEAS/FROZEN,"39,600.000",2345483,Malena,,,,,,,,,,
110844,POTATOES DICED FRZ PKG-6/5 LB, 	0.9348 ,LB,"1,320",1000,DOMESTIC STATISTICAL 1000,703040,"VEGETABLE, FROZEN",110,AMS-FRUIT & VEG,103602007031400,VEGETABLES/POTATO/FROZEN,"39,600.000",170116,Malena,,,,,,,,,,
110845,EGGS WHOLE FRZ CTN-12/2 LB, 	1.3449 ,LB,"1,600",1000,DOMESTIC STATISTICAL 1000,304010,EGG PRODUCTS,120,AMS-POULTRY,102802002031400,POULTRY/EGGS/EGGS/FROZEN,"38,400.000",323604,Malena,,,,,,,,,,
110846,STRAWBERRY WHOLE UNSWT IQF CTN-6/5 LB, 	1.6391 ,LB,"1,320",1000,DOMESTIC STATISTICAL 1000,702040,"FRUIT, FROZEN",110,AMS-FRUIT & VEG,101202019031400,FRUIT/STRAWBERRY/FROZEN,"39,600.000",2344779,Malena,,,,,,,,,,
110851,FISH AK POLLOCK STICKS BRD FRZ CTN-40 LB, 	2.9564 ,LB,950,1000,DOMESTIC STATISTICAL 1000,205030,"FISH, FROZEN",130,AMS-LIVESTOCK,100602001531400,FISH/POLLOCK/FROZEN,"38,000.000",175129,Malena,,,,,,,,,,
110854,PEANUT BUTTER SMOOTH PKG-120/1.1 OZ, 	1.7887 ,LB,"3,780",1000,DOMESTIC STATISTICAL 1000,701010,PEANUT PRODUCTS,210,AMS-DOMESTIC,102202002031200,NUTS/PEANUT BUTTER/CANNED,"31,185.000",,Malena,,,,,,,,,,
110855,FLOUR WHITE WHOLE WHEAT 100% BAG-50 LB, 	0.4670 ,LB,800,1000,DOMESTIC STATISTICAL 1000,506020,"FLOUR, WHEAT",210,AMS-DOMESTIC,100802007031100,FLOUR/WHOLE WHEAT/BAG,"40,000.000",,Malena,,,,,,,,,,
110857,FLOUR WHITE WHOLE WHEAT 100% BAG-8/5 LB, 	0.3725 ,LB,"1,000",1000,DOMESTIC STATISTICAL 1000,506020,"FLOUR, WHEAT",210,AMS-DOMESTIC,100802007031100,FLOUR/WHOLE WHEAT/BAG,"40,000.000",,Malena,,,,,,,,,,
110859,MIXED BERRY FRZ CUP-96/4.OZ, 	1.8199 ,LB,"1,400",1000,DOMESTIC STATISTICAL 1000,702040,"FRUIT, FROZEN",110,AMS-FRUIT & VEG,101202019031400,FRUIT/STRAWBERRY/FROZEN,"33,600.000",,Malena,,,,,,,,,,
110860,STRAWBERRY SLICES UNSWT IQF CTN-6/5 LB, 	1.6845 ,LB,"1,320",1000,DOMESTIC STATISTICAL 1000,702040,"FRUIT, FROZEN",110,AMS-FRUIT & VEG,101202019031400,FRUIT/STRAWBERRY/FROZEN,"39,600.000",,Malena,,,,,,,,,,
110872,CHERRIES SWEET PITTED IQF BAG-12/2.5 LB, 	1.6581 ,LB,"1,320",1000,DOMESTIC STATISTICAL 1000,702040,"FRUIT, FROZEN",110,AMS-FRUIT & VEG,101202005031240,FRUIT/CHERRY/CARTON,"39,600.000",,Malena,,,,,,,,,,
110910,TURKEY BREAST SMKD SLC FRZ PKG-8/5 LB, 	4.2958 ,LB,"1,000",1000,DOMESTIC STATISTICAL 1000,302030,"TURKEY, COOKED",120,AMS-POULTRY,102802004031400,POULTRY/EGGS/TURKEY/FROZEN,"40,000.000",,Malena,,,,,,,,,,
110911,TURKEY HAM SMKD SLC FRZ PKG-8/5 LB, 	3.5097 ,LB,"1,000",1000,DOMESTIC STATISTICAL 1000,302030,"TURKEY, COOKED",120,AMS-POULTRY,102802004031400,POULTRY/EGGS/TURKEY/FROZEN,"40,000.000",,Malena,,,,,,,,,,
110921,CHICKEN FILLETS UNBRD FRZ CTN-30 LB, 	2.8090 ,LB,"1,300",1000,DOMESTIC STATISTICAL 1000,301030,"CHICKEN, COOKED",120,AMS-POULTRY,102802001031400,POULTRY/EGGS/CHICKEN/FROZEN,"39,000.000",,Malena,,,,,,,,,,
110931,EGG PATTY ROUND FRZ CTN-25 LB, 	2.5295 ,LB,"1,584",1000,DOMESTIC STATISTICAL 1000,304010,EGG PRODUCTS,120,AMS-POULTRY,102802002031400,POULTRY/EGGS/EGGS/FROZEN,"39,600.000",,Malena,,,,,,,,,,
111021,K TUNA CHUNK LIGHT CAN 6/66.5 OZ,TBD,LB,"1,440",1000,DOMESTIC STATISTICAL 1000,205010,"FISH, CANNED",130,AMS-LIVESTOCK,100602003031220,FISH/TUNA/CANNED,"35,910.720",,Malena,,,,,,,,,,
111052,CARROTS DICED FRZ CTN-12/2 LB, 	0.7035 ,LB,"1,620",1000,DOMESTIC STATISTICAL 1000,703040,"VEGETABLE, FROZEN",110,AMS-FRUIT & VEG,103602003031400,VEGETABLES/CARROTS/FROZEN,"38,880.000",,Malena,,,,,,,,,,
111053,CORN FRZ CTN-12/2.5 LB, 	0.9132 ,LB,"1,320",1000,DOMESTIC STATISTICAL 1000,703040,"VEGETABLE, FROZEN",110,AMS-FRUIT & VEG,103602004031400,VEGETABLES/CORN/FROZEN,"39,600.000",,Malena,,,,,,,,,,
111054,BEANS GREEN FRZ CTN-12/2 LB, 	0.9387 ,LB,"1,620",1000,DOMESTIC STATISTICAL 1000,703040,"VEGETABLE, FROZEN",110,AMS-FRUIT & VEG,103602002531400,VEGETABLES/BEANS GREEN/FROZEN,"38,880.000",,Malena,,,,,,,,,,
111110,CHEESE CHED YEL 0.75 OZ SLICE PKG-12 LB, 	2.8510 ,LB,"3,120",1000,DOMESTIC STATISTICAL 1000,401040,"CHEESE, NATURAL AMER",220,AMS-DAIRY,100402003031440,CHEESE/CHEDDAR YELLOW/LOAVES,"37,440.000",,Malena,,,,,,,,,,
111220,CHEESE PEPPER JACK SHRED-PKG 4/5 LB, 	2.7244 ,LB,"1,940",1000,DOMESTIC STATISTICAL 1000,401040,"CHEESE, NATURAL AMER",220,AMS-DAIRY,100402009031540,CHEESE/PEPPER JACK/SHREDDED,"38,800.000",,Malena,,,,,,,,,,
111230,MIXED VEGETABLES FRZ CTN-6/5LB, 	0.9562 ,LB,"1,320",1000,DOMESTIC STATISTICAL 1000,703040,"VEGETABLE, FROZEN",110,AMS-FRUIT & VEG,103602002531400,VEGETABLES/BEANS GREEN/FROZEN,"39,600.000",,Malena,,,,,,,,,,
111361,CHICKEN CUT UP FRZ CTN-40 LB, 	1.8190 ,LB,950,1000,DOMESTIC STATISTICAL 1000,301020,"CHICKEN, FROZEN",120,AMS-POULTRY,102802001031400,POULTRY/EGGS/CHICKEN/FROZEN,"38,000.000",,Malena,,,,,,,,,,
111368,K CHICKEN CUT UP FRZ CTN-40 LB, 	5.6000 ,LB,950,1000,DOMESTIC STATISTICAL 1000,301020,"CHICKEN, FROZEN",120,AMS-POULTRY,102802001031400,POULTRY/EGGS/CHICKEN/FROZEN,"38,000.000",,Malena,,,,,,,,,,
111643,CHERRIES DRIED TART PKG-250/1.36 OZ, 	5.0051 ,LB,"1,584",1000,DOMESTIC STATISTICAL 1000,702020,"FRUIT, DRIED",110,AMS-FRUIT & VEG,101202005031340,FRUIT/CHERRY/DRIED,"33,660.000",,Malena,,,,,,,,,,
100103D,CHICKEN LARGE CHILLED -BULK, 	1.4099 ,LB,0,1000,DOMESTIC STATISTICAL 1000,301040,"CHICKEN, BULK",120,AMS-POULTRY,102802001031260,POULTRY/EGGS/CHICKEN/CHILLED,36000,,Malena,,,,,,,,,,
100103W,CHICKEN LARGE CHILLED -BULK, 	1.4099 ,LB,0,1000,DOMESTIC STATISTICAL 1000,301040,"CHICKEN, BULK",120,AMS-POULTRY,102802001031260,POULTRY/EGGS/CHICKEN/CHILLED,36000,,Malena,,,,,,,,,,
100124D,TURKEY CHILLED -BULK, 	1.5880 ,LB,0,1000,DOMESTIC STATISTICAL 1000,302040,"TURKEY, BULK",120,AMS-POULTRY,102802004031260,POULTRY/EGGS/TURKEY/CHILLED,36000,,Malena,,,,,,,,,,
100124W,TURKEY CHILLED -BULK, 	1.5880 ,LB,0,1000,DOMESTIC STATISTICAL 1000,302040,"TURKEY, BULK",120,AMS-POULTRY,102802004031260,POULTRY/EGGS/TURKEY/CHILLED,36000,,Malena,,,,,,,,,,
